DateKey;Date;WeekDay;WeekNum;MonthNum;Month;MonthShort;Quarter;Year;YearMonth
20131231;2013-12-31;Tuesday;53;12;December;Dec;4;2013;2013-12
20131230;2013-12-30;Monday;53;12;December;Dec;4;2013;2013-12
20131229;2013-12-29;Sunday;53;12;December;Dec;4;2013;2013-12
20131228;2013-12-28;Saturday;52;12;December;Dec;4;2013;2013-12
20131227;2013-12-27;Friday;52;12;December;Dec;4;2013;2013-12
20131226;2013-12-26;Thursday;52;12;December;Dec;4;2013;2013-12
20131225;2013-12-25;Wednesday;52;12;December;Dec;4;2013;2013-12
20131224;2013-12-24;Tuesday;52;12;December;Dec;4;2013;2013-12
20131223;2013-12-23;Monday;52;12;December;Dec;4;2013;2013-12
20131222;2013-12-22;Sunday;52;12;December;Dec;4;2013;2013-12
20131221;2013-12-21;Saturday;51;12;December;Dec;4;2013;2013-12
20131220;2013-12-20;Friday;51;12;December;Dec;4;2013;2013-12
20131219;2013-12-19;Thursday;51;12;December;Dec;4;2013;2013-12
20131218;2013-12-18;Wednesday;51;12;December;Dec;4;2013;2013-12
20131217;2013-12-17;Tuesday;51;12;December;Dec;4;2013;2013-12
20131216;2013-12-16;Monday;51;12;December;Dec;4;2013;2013-12
20131215;2013-12-15;Sunday;51;12;December;Dec;4;2013;2013-12
20131214;2013-12-14;Saturday;50;12;December;Dec;4;2013;2013-12
20131213;2013-12-13;Friday;50;12;December;Dec;4;2013;2013-12
20131212;2013-12-12;Thursday;50;12;December;Dec;4;2013;2013-12
20131211;2013-12-11;Wednesday;50;12;December;Dec;4;2013;2013-12
20131210;2013-12-10;Tuesday;50;12;December;Dec;4;2013;2013-12
20131209;2013-12-09;Monday;50;12;December;Dec;4;2013;2013-12
20131208;2013-12-08;Sunday;50;12;December;Dec;4;2013;2013-12
20131207;2013-12-07;Saturday;49;12;December;Dec;4;2013;2013-12
20131206;2013-12-06;Friday;49;12;December;Dec;4;2013;2013-12
20131205;2013-12-05;Thursday;49;12;December;Dec;4;2013;2013-12
20131204;2013-12-04;Wednesday;49;12;December;Dec;4;2013;2013-12
20131203;2013-12-03;Tuesday;49;12;December;Dec;4;2013;2013-12
20131202;2013-12-02;Monday;49;12;December;Dec;4;2013;2013-12
20131201;2013-12-01;Sunday;49;12;December;Dec;4;2013;2013-12
20131130;2013-11-30;Saturday;48;11;November;Nov;4;2013;2013-11
20131129;2013-11-29;Friday;48;11;November;Nov;4;2013;2013-11
20131128;2013-11-28;Thursday;48;11;November;Nov;4;2013;2013-11
20131127;2013-11-27;Wednesday;48;11;November;Nov;4;2013;2013-11
20131126;2013-11-26;Tuesday;48;11;November;Nov;4;2013;2013-11
20131125;2013-11-25;Monday;48;11;November;Nov;4;2013;2013-11
20131124;2013-11-24;Sunday;48;11;November;Nov;4;2013;2013-11
20131123;2013-11-23;Saturday;47;11;November;Nov;4;2013;2013-11
20131122;2013-11-22;Friday;47;11;November;Nov;4;2013;2013-11
20131121;2013-11-21;Thursday;47;11;November;Nov;4;2013;2013-11
20131120;2013-11-20;Wednesday;47;11;November;Nov;4;2013;2013-11
20131119;2013-11-19;Tuesday;47;11;November;Nov;4;2013;2013-11
20131118;2013-11-18;Monday;47;11;November;Nov;4;2013;2013-11
20131117;2013-11-17;Sunday;47;11;November;Nov;4;2013;2013-11
20131116;2013-11-16;Saturday;46;11;November;Nov;4;2013;2013-11
20131115;2013-11-15;Friday;46;11;November;Nov;4;2013;2013-11
20131114;2013-11-14;Thursday;46;11;November;Nov;4;2013;2013-11
20131113;2013-11-13;Wednesday;46;11;November;Nov;4;2013;2013-11
20131112;2013-11-12;Tuesday;46;11;November;Nov;4;2013;2013-11
20131111;2013-11-11;Monday;46;11;November;Nov;4;2013;2013-11
20131110;2013-11-10;Sunday;46;11;November;Nov;4;2013;2013-11
20131109;2013-11-09;Saturday;45;11;November;Nov;4;2013;2013-11
20131108;2013-11-08;Friday;45;11;November;Nov;4;2013;2013-11
20131107;2013-11-07;Thursday;45;11;November;Nov;4;2013;2013-11
20131106;2013-11-06;Wednesday;45;11;November;Nov;4;2013;2013-11
20131105;2013-11-05;Tuesday;45;11;November;Nov;4;2013;2013-11
20131104;2013-11-04;Monday;45;11;November;Nov;4;2013;2013-11
20131103;2013-11-03;Sunday;45;11;November;Nov;4;2013;2013-11
20131102;2013-11-02;Saturday;44;11;November;Nov;4;2013;2013-11
20131101;2013-11-01;Friday;44;11;November;Nov;4;2013;2013-11
20131031;2013-10-31;Thursday;44;10;October;Oct;4;2013;2013-10
20131030;2013-10-30;Wednesday;44;10;October;Oct;4;2013;2013-10
20131029;2013-10-29;Tuesday;44;10;October;Oct;4;2013;2013-10
20131028;2013-10-28;Monday;44;10;October;Oct;4;2013;2013-10
20131027;2013-10-27;Sunday;44;10;October;Oct;4;2013;2013-10
20131026;2013-10-26;Saturday;43;10;October;Oct;4;2013;2013-10
20131025;2013-10-25;Friday;43;10;October;Oct;4;2013;2013-10
20131024;2013-10-24;Thursday;43;10;October;Oct;4;2013;2013-10
20131023;2013-10-23;Wednesday;43;10;October;Oct;4;2013;2013-10
20131022;2013-10-22;Tuesday;43;10;October;Oct;4;2013;2013-10
20131021;2013-10-21;Monday;43;10;October;Oct;4;2013;2013-10
20131020;2013-10-20;Sunday;43;10;October;Oct;4;2013;2013-10
20131019;2013-10-19;Saturday;42;10;October;Oct;4;2013;2013-10
20131018;2013-10-18;Friday;42;10;October;Oct;4;2013;2013-10
20131017;2013-10-17;Thursday;42;10;October;Oct;4;2013;2013-10
20131016;2013-10-16;Wednesday;42;10;October;Oct;4;2013;2013-10
20131015;2013-10-15;Tuesday;42;10;October;Oct;4;2013;2013-10
20131014;2013-10-14;Monday;42;10;October;Oct;4;2013;2013-10
20131013;2013-10-13;Sunday;42;10;October;Oct;4;2013;2013-10
20131012;2013-10-12;Saturday;41;10;October;Oct;4;2013;2013-10
20131011;2013-10-11;Friday;41;10;October;Oct;4;2013;2013-10
20131010;2013-10-10;Thursday;41;10;October;Oct;4;2013;2013-10
20131009;2013-10-09;Wednesday;41;10;October;Oct;4;2013;2013-10
20131008;2013-10-08;Tuesday;41;10;October;Oct;4;2013;2013-10
20131007;2013-10-07;Monday;41;10;October;Oct;4;2013;2013-10
20131006;2013-10-06;Sunday;41;10;October;Oct;4;2013;2013-10
20131005;2013-10-05;Saturday;40;10;October;Oct;4;2013;2013-10
20131004;2013-10-04;Friday;40;10;October;Oct;4;2013;2013-10
20131003;2013-10-03;Thursday;40;10;October;Oct;4;2013;2013-10
20131002;2013-10-02;Wednesday;40;10;October;Oct;4;2013;2013-10
20131001;2013-10-01;Tuesday;40;10;October;Oct;4;2013;2013-10
20130930;2013-09-30;Monday;40;9;September;Sep;3;2013;2013-09
20130929;2013-09-29;Sunday;40;9;September;Sep;3;2013;2013-09
20130928;2013-09-28;Saturday;39;9;September;Sep;3;2013;2013-09
20130927;2013-09-27;Friday;39;9;September;Sep;3;2013;2013-09
20130926;2013-09-26;Thursday;39;9;September;Sep;3;2013;2013-09
20130925;2013-09-25;Wednesday;39;9;September;Sep;3;2013;2013-09
20130924;2013-09-24;Tuesday;39;9;September;Sep;3;2013;2013-09
20130923;2013-09-23;Monday;39;9;September;Sep;3;2013;2013-09
20130922;2013-09-22;Sunday;39;9;September;Sep;3;2013;2013-09
20130921;2013-09-21;Saturday;38;9;September;Sep;3;2013;2013-09
20130920;2013-09-20;Friday;38;9;September;Sep;3;2013;2013-09
20130919;2013-09-19;Thursday;38;9;September;Sep;3;2013;2013-09
20130918;2013-09-18;Wednesday;38;9;September;Sep;3;2013;2013-09
20130917;2013-09-17;Tuesday;38;9;September;Sep;3;2013;2013-09
20130916;2013-09-16;Monday;38;9;September;Sep;3;2013;2013-09
20130915;2013-09-15;Sunday;38;9;September;Sep;3;2013;2013-09
20130914;2013-09-14;Saturday;37;9;September;Sep;3;2013;2013-09
20130913;2013-09-13;Friday;37;9;September;Sep;3;2013;2013-09
20130912;2013-09-12;Thursday;37;9;September;Sep;3;2013;2013-09
20130911;2013-09-11;Wednesday;37;9;September;Sep;3;2013;2013-09
20130910;2013-09-10;Tuesday;37;9;September;Sep;3;2013;2013-09
20130909;2013-09-09;Monday;37;9;September;Sep;3;2013;2013-09
20130908;2013-09-08;Sunday;37;9;September;Sep;3;2013;2013-09
20130907;2013-09-07;Saturday;36;9;September;Sep;3;2013;2013-09
20130906;2013-09-06;Friday;36;9;September;Sep;3;2013;2013-09
20130905;2013-09-05;Thursday;36;9;September;Sep;3;2013;2013-09
20130904;2013-09-04;Wednesday;36;9;September;Sep;3;2013;2013-09
20130903;2013-09-03;Tuesday;36;9;September;Sep;3;2013;2013-09
20130902;2013-09-02;Monday;36;9;September;Sep;3;2013;2013-09
20130901;2013-09-01;Sunday;36;9;September;Sep;3;2013;2013-09
20130831;2013-08-31;Saturday;35;8;August;Aug;3;2013;2013-08
20130830;2013-08-30;Friday;35;8;August;Aug;3;2013;2013-08
20130829;2013-08-29;Thursday;35;8;August;Aug;3;2013;2013-08
20130828;2013-08-28;Wednesday;35;8;August;Aug;3;2013;2013-08
20130827;2013-08-27;Tuesday;35;8;August;Aug;3;2013;2013-08
20130826;2013-08-26;Monday;35;8;August;Aug;3;2013;2013-08
20130825;2013-08-25;Sunday;35;8;August;Aug;3;2013;2013-08
20130824;2013-08-24;Saturday;34;8;August;Aug;3;2013;2013-08
20130823;2013-08-23;Friday;34;8;August;Aug;3;2013;2013-08
20130822;2013-08-22;Thursday;34;8;August;Aug;3;2013;2013-08
20130821;2013-08-21;Wednesday;34;8;August;Aug;3;2013;2013-08
20130820;2013-08-20;Tuesday;34;8;August;Aug;3;2013;2013-08
20130819;2013-08-19;Monday;34;8;August;Aug;3;2013;2013-08
20130818;2013-08-18;Sunday;34;8;August;Aug;3;2013;2013-08
20130817;2013-08-17;Saturday;33;8;August;Aug;3;2013;2013-08
20130816;2013-08-16;Friday;33;8;August;Aug;3;2013;2013-08
20130815;2013-08-15;Thursday;33;8;August;Aug;3;2013;2013-08
20130814;2013-08-14;Wednesday;33;8;August;Aug;3;2013;2013-08
20130813;2013-08-13;Tuesday;33;8;August;Aug;3;2013;2013-08
20130812;2013-08-12;Monday;33;8;August;Aug;3;2013;2013-08
20130811;2013-08-11;Sunday;33;8;August;Aug;3;2013;2013-08
20130810;2013-08-10;Saturday;32;8;August;Aug;3;2013;2013-08
20130809;2013-08-09;Friday;32;8;August;Aug;3;2013;2013-08
20130808;2013-08-08;Thursday;32;8;August;Aug;3;2013;2013-08
20130807;2013-08-07;Wednesday;32;8;August;Aug;3;2013;2013-08
20130806;2013-08-06;Tuesday;32;8;August;Aug;3;2013;2013-08
20130805;2013-08-05;Monday;32;8;August;Aug;3;2013;2013-08
20130804;2013-08-04;Sunday;32;8;August;Aug;3;2013;2013-08
20130803;2013-08-03;Saturday;31;8;August;Aug;3;2013;2013-08
20130802;2013-08-02;Friday;31;8;August;Aug;3;2013;2013-08
20130801;2013-08-01;Thursday;31;8;August;Aug;3;2013;2013-08
20130731;2013-07-31;Wednesday;31;7;July;Jul;3;2013;2013-07
20130730;2013-07-30;Tuesday;31;7;July;Jul;3;2013;2013-07
20130729;2013-07-29;Monday;31;7;July;Jul;3;2013;2013-07
20130728;2013-07-28;Sunday;31;7;July;Jul;3;2013;2013-07
20130727;2013-07-27;Saturday;30;7;July;Jul;3;2013;2013-07
20130726;2013-07-26;Friday;30;7;July;Jul;3;2013;2013-07
20130725;2013-07-25;Thursday;30;7;July;Jul;3;2013;2013-07
20130724;2013-07-24;Wednesday;30;7;July;Jul;3;2013;2013-07
20130723;2013-07-23;Tuesday;30;7;July;Jul;3;2013;2013-07
20130722;2013-07-22;Monday;30;7;July;Jul;3;2013;2013-07
20130721;2013-07-21;Sunday;30;7;July;Jul;3;2013;2013-07
20130720;2013-07-20;Saturday;29;7;July;Jul;3;2013;2013-07
20130719;2013-07-19;Friday;29;7;July;Jul;3;2013;2013-07
20130718;2013-07-18;Thursday;29;7;July;Jul;3;2013;2013-07
20130717;2013-07-17;Wednesday;29;7;July;Jul;3;2013;2013-07
20130716;2013-07-16;Tuesday;29;7;July;Jul;3;2013;2013-07
20130715;2013-07-15;Monday;29;7;July;Jul;3;2013;2013-07
20130714;2013-07-14;Sunday;29;7;July;Jul;3;2013;2013-07
20130713;2013-07-13;Saturday;28;7;July;Jul;3;2013;2013-07
20130712;2013-07-12;Friday;28;7;July;Jul;3;2013;2013-07
20130711;2013-07-11;Thursday;28;7;July;Jul;3;2013;2013-07
20130710;2013-07-10;Wednesday;28;7;July;Jul;3;2013;2013-07
20130709;2013-07-09;Tuesday;28;7;July;Jul;3;2013;2013-07
20130708;2013-07-08;Monday;28;7;July;Jul;3;2013;2013-07
20130707;2013-07-07;Sunday;28;7;July;Jul;3;2013;2013-07
20130706;2013-07-06;Saturday;27;7;July;Jul;3;2013;2013-07
20130705;2013-07-05;Friday;27;7;July;Jul;3;2013;2013-07
20130704;2013-07-04;Thursday;27;7;July;Jul;3;2013;2013-07
20130703;2013-07-03;Wednesday;27;7;July;Jul;3;2013;2013-07
20130702;2013-07-02;Tuesday;27;7;July;Jul;3;2013;2013-07
20130701;2013-07-01;Monday;27;7;July;Jul;3;2013;2013-07
20130630;2013-06-30;Sunday;27;6;June;Jun;2;2013;2013-06
20130629;2013-06-29;Saturday;26;6;June;Jun;2;2013;2013-06
20130628;2013-06-28;Friday;26;6;June;Jun;2;2013;2013-06
20130627;2013-06-27;Thursday;26;6;June;Jun;2;2013;2013-06
20130626;2013-06-26;Wednesday;26;6;June;Jun;2;2013;2013-06
20130625;2013-06-25;Tuesday;26;6;June;Jun;2;2013;2013-06
20130624;2013-06-24;Monday;26;6;June;Jun;2;2013;2013-06
20130623;2013-06-23;Sunday;26;6;June;Jun;2;2013;2013-06
20130622;2013-06-22;Saturday;25;6;June;Jun;2;2013;2013-06
20130621;2013-06-21;Friday;25;6;June;Jun;2;2013;2013-06
20130620;2013-06-20;Thursday;25;6;June;Jun;2;2013;2013-06
20130619;2013-06-19;Wednesday;25;6;June;Jun;2;2013;2013-06
20130618;2013-06-18;Tuesday;25;6;June;Jun;2;2013;2013-06
20130617;2013-06-17;Monday;25;6;June;Jun;2;2013;2013-06
20130616;2013-06-16;Sunday;25;6;June;Jun;2;2013;2013-06
20130615;2013-06-15;Saturday;24;6;June;Jun;2;2013;2013-06
20130614;2013-06-14;Friday;24;6;June;Jun;2;2013;2013-06
20130613;2013-06-13;Thursday;24;6;June;Jun;2;2013;2013-06
20130612;2013-06-12;Wednesday;24;6;June;Jun;2;2013;2013-06
20130611;2013-06-11;Tuesday;24;6;June;Jun;2;2013;2013-06
20130610;2013-06-10;Monday;24;6;June;Jun;2;2013;2013-06
20130609;2013-06-09;Sunday;24;6;June;Jun;2;2013;2013-06
20130608;2013-06-08;Saturday;23;6;June;Jun;2;2013;2013-06
20130607;2013-06-07;Friday;23;6;June;Jun;2;2013;2013-06
20130606;2013-06-06;Thursday;23;6;June;Jun;2;2013;2013-06
20130605;2013-06-05;Wednesday;23;6;June;Jun;2;2013;2013-06
20130604;2013-06-04;Tuesday;23;6;June;Jun;2;2013;2013-06
20130603;2013-06-03;Monday;23;6;June;Jun;2;2013;2013-06
20130602;2013-06-02;Sunday;23;6;June;Jun;2;2013;2013-06
20130601;2013-06-01;Saturday;22;6;June;Jun;2;2013;2013-06
20130531;2013-05-31;Friday;22;5;May;May;2;2013;2013-05
20130530;2013-05-30;Thursday;22;5;May;May;2;2013;2013-05
20130529;2013-05-29;Wednesday;22;5;May;May;2;2013;2013-05
20130528;2013-05-28;Tuesday;22;5;May;May;2;2013;2013-05
20130527;2013-05-27;Monday;22;5;May;May;2;2013;2013-05
20130526;2013-05-26;Sunday;22;5;May;May;2;2013;2013-05
20130525;2013-05-25;Saturday;21;5;May;May;2;2013;2013-05
20130524;2013-05-24;Friday;21;5;May;May;2;2013;2013-05
20130523;2013-05-23;Thursday;21;5;May;May;2;2013;2013-05
20130522;2013-05-22;Wednesday;21;5;May;May;2;2013;2013-05
20130521;2013-05-21;Tuesday;21;5;May;May;2;2013;2013-05
20130520;2013-05-20;Monday;21;5;May;May;2;2013;2013-05
20130519;2013-05-19;Sunday;21;5;May;May;2;2013;2013-05
20130518;2013-05-18;Saturday;20;5;May;May;2;2013;2013-05
20130517;2013-05-17;Friday;20;5;May;May;2;2013;2013-05
20130516;2013-05-16;Thursday;20;5;May;May;2;2013;2013-05
20130515;2013-05-15;Wednesday;20;5;May;May;2;2013;2013-05
20130514;2013-05-14;Tuesday;20;5;May;May;2;2013;2013-05
20130513;2013-05-13;Monday;20;5;May;May;2;2013;2013-05
20130512;2013-05-12;Sunday;20;5;May;May;2;2013;2013-05
20130511;2013-05-11;Saturday;19;5;May;May;2;2013;2013-05
20130510;2013-05-10;Friday;19;5;May;May;2;2013;2013-05
20130509;2013-05-09;Thursday;19;5;May;May;2;2013;2013-05
20130508;2013-05-08;Wednesday;19;5;May;May;2;2013;2013-05
20130507;2013-05-07;Tuesday;19;5;May;May;2;2013;2013-05
20130506;2013-05-06;Monday;19;5;May;May;2;2013;2013-05
20130505;2013-05-05;Sunday;19;5;May;May;2;2013;2013-05
20130504;2013-05-04;Saturday;18;5;May;May;2;2013;2013-05
20130503;2013-05-03;Friday;18;5;May;May;2;2013;2013-05
20130502;2013-05-02;Thursday;18;5;May;May;2;2013;2013-05
20130501;2013-05-01;Wednesday;18;5;May;May;2;2013;2013-05
20130430;2013-04-30;Tuesday;18;4;April;Apr;2;2013;2013-04
20130429;2013-04-29;Monday;18;4;April;Apr;2;2013;2013-04
20130428;2013-04-28;Sunday;18;4;April;Apr;2;2013;2013-04
20130427;2013-04-27;Saturday;17;4;April;Apr;2;2013;2013-04
20130426;2013-04-26;Friday;17;4;April;Apr;2;2013;2013-04
20130425;2013-04-25;Thursday;17;4;April;Apr;2;2013;2013-04
20130424;2013-04-24;Wednesday;17;4;April;Apr;2;2013;2013-04
20130423;2013-04-23;Tuesday;17;4;April;Apr;2;2013;2013-04
20130422;2013-04-22;Monday;17;4;April;Apr;2;2013;2013-04
20130421;2013-04-21;Sunday;17;4;April;Apr;2;2013;2013-04
20130420;2013-04-20;Saturday;16;4;April;Apr;2;2013;2013-04
20130419;2013-04-19;Friday;16;4;April;Apr;2;2013;2013-04
20130418;2013-04-18;Thursday;16;4;April;Apr;2;2013;2013-04
20130417;2013-04-17;Wednesday;16;4;April;Apr;2;2013;2013-04
20130416;2013-04-16;Tuesday;16;4;April;Apr;2;2013;2013-04
20130415;2013-04-15;Monday;16;4;April;Apr;2;2013;2013-04
20130414;2013-04-14;Sunday;16;4;April;Apr;2;2013;2013-04
20130413;2013-04-13;Saturday;15;4;April;Apr;2;2013;2013-04
20130412;2013-04-12;Friday;15;4;April;Apr;2;2013;2013-04
20130411;2013-04-11;Thursday;15;4;April;Apr;2;2013;2013-04
20130410;2013-04-10;Wednesday;15;4;April;Apr;2;2013;2013-04
20130409;2013-04-09;Tuesday;15;4;April;Apr;2;2013;2013-04
20130408;2013-04-08;Monday;15;4;April;Apr;2;2013;2013-04
20130407;2013-04-07;Sunday;15;4;April;Apr;2;2013;2013-04
20130406;2013-04-06;Saturday;14;4;April;Apr;2;2013;2013-04
20130405;2013-04-05;Friday;14;4;April;Apr;2;2013;2013-04
20130404;2013-04-04;Thursday;14;4;April;Apr;2;2013;2013-04
20130403;2013-04-03;Wednesday;14;4;April;Apr;2;2013;2013-04
20130402;2013-04-02;Tuesday;14;4;April;Apr;2;2013;2013-04
20130401;2013-04-01;Monday;14;4;April;Apr;2;2013;2013-04
20130331;2013-03-31;Sunday;14;3;March;Mar;1;2013;2013-03
20130330;2013-03-30;Saturday;13;3;March;Mar;1;2013;2013-03
20130329;2013-03-29;Friday;13;3;March;Mar;1;2013;2013-03
20130328;2013-03-28;Thursday;13;3;March;Mar;1;2013;2013-03
20130327;2013-03-27;Wednesday;13;3;March;Mar;1;2013;2013-03
20130326;2013-03-26;Tuesday;13;3;March;Mar;1;2013;2013-03
20130325;2013-03-25;Monday;13;3;March;Mar;1;2013;2013-03
20130324;2013-03-24;Sunday;13;3;March;Mar;1;2013;2013-03
20130323;2013-03-23;Saturday;12;3;March;Mar;1;2013;2013-03
20130322;2013-03-22;Friday;12;3;March;Mar;1;2013;2013-03
20130321;2013-03-21;Thursday;12;3;March;Mar;1;2013;2013-03
20130320;2013-03-20;Wednesday;12;3;March;Mar;1;2013;2013-03
20130319;2013-03-19;Tuesday;12;3;March;Mar;1;2013;2013-03
20130318;2013-03-18;Monday;12;3;March;Mar;1;2013;2013-03
20130317;2013-03-17;Sunday;12;3;March;Mar;1;2013;2013-03
20130316;2013-03-16;Saturday;11;3;March;Mar;1;2013;2013-03
20130315;2013-03-15;Friday;11;3;March;Mar;1;2013;2013-03
20130314;2013-03-14;Thursday;11;3;March;Mar;1;2013;2013-03
20130313;2013-03-13;Wednesday;11;3;March;Mar;1;2013;2013-03
20130312;2013-03-12;Tuesday;11;3;March;Mar;1;2013;2013-03
20130311;2013-03-11;Monday;11;3;March;Mar;1;2013;2013-03
20130310;2013-03-10;Sunday;11;3;March;Mar;1;2013;2013-03
20130309;2013-03-09;Saturday;10;3;March;Mar;1;2013;2013-03
20130308;2013-03-08;Friday;10;3;March;Mar;1;2013;2013-03
20130307;2013-03-07;Thursday;10;3;March;Mar;1;2013;2013-03
20130306;2013-03-06;Wednesday;10;3;March;Mar;1;2013;2013-03
20130305;2013-03-05;Tuesday;10;3;March;Mar;1;2013;2013-03
20130304;2013-03-04;Monday;10;3;March;Mar;1;2013;2013-03
20130303;2013-03-03;Sunday;10;3;March;Mar;1;2013;2013-03
20130302;2013-03-02;Saturday;9;3;March;Mar;1;2013;2013-03
20130301;2013-03-01;Friday;9;3;March;Mar;1;2013;2013-03
20130228;2013-02-28;Thursday;9;2;February;Feb;1;2013;2013-02
20130227;2013-02-27;Wednesday;9;2;February;Feb;1;2013;2013-02
20130226;2013-02-26;Tuesday;9;2;February;Feb;1;2013;2013-02
20130225;2013-02-25;Monday;9;2;February;Feb;1;2013;2013-02
20130224;2013-02-24;Sunday;9;2;February;Feb;1;2013;2013-02
20130223;2013-02-23;Saturday;8;2;February;Feb;1;2013;2013-02
20130222;2013-02-22;Friday;8;2;February;Feb;1;2013;2013-02
20130221;2013-02-21;Thursday;8;2;February;Feb;1;2013;2013-02
20130220;2013-02-20;Wednesday;8;2;February;Feb;1;2013;2013-02
20130219;2013-02-19;Tuesday;8;2;February;Feb;1;2013;2013-02
20130218;2013-02-18;Monday;8;2;February;Feb;1;2013;2013-02
20130217;2013-02-17;Sunday;8;2;February;Feb;1;2013;2013-02
20130216;2013-02-16;Saturday;7;2;February;Feb;1;2013;2013-02
20130215;2013-02-15;Friday;7;2;February;Feb;1;2013;2013-02
20130214;2013-02-14;Thursday;7;2;February;Feb;1;2013;2013-02
20130213;2013-02-13;Wednesday;7;2;February;Feb;1;2013;2013-02
20130212;2013-02-12;Tuesday;7;2;February;Feb;1;2013;2013-02
20130211;2013-02-11;Monday;7;2;February;Feb;1;2013;2013-02
20130210;2013-02-10;Sunday;7;2;February;Feb;1;2013;2013-02
20130209;2013-02-09;Saturday;6;2;February;Feb;1;2013;2013-02
20130208;2013-02-08;Friday;6;2;February;Feb;1;2013;2013-02
20130207;2013-02-07;Thursday;6;2;February;Feb;1;2013;2013-02
20130206;2013-02-06;Wednesday;6;2;February;Feb;1;2013;2013-02
20130205;2013-02-05;Tuesday;6;2;February;Feb;1;2013;2013-02
20130204;2013-02-04;Monday;6;2;February;Feb;1;2013;2013-02
20130203;2013-02-03;Sunday;6;2;February;Feb;1;2013;2013-02
20130202;2013-02-02;Saturday;5;2;February;Feb;1;2013;2013-02
20130201;2013-02-01;Friday;5;2;February;Feb;1;2013;2013-02
20130131;2013-01-31;Thursday;5;1;January;Jan;1;2013;2013-01
20130130;2013-01-30;Wednesday;5;1;January;Jan;1;2013;2013-01
20130129;2013-01-29;Tuesday;5;1;January;Jan;1;2013;2013-01
20130128;2013-01-28;Monday;5;1;January;Jan;1;2013;2013-01
20130127;2013-01-27;Sunday;5;1;January;Jan;1;2013;2013-01
20130126;2013-01-26;Saturday;4;1;January;Jan;1;2013;2013-01
20130125;2013-01-25;Friday;4;1;January;Jan;1;2013;2013-01
20130124;2013-01-24;Thursday;4;1;January;Jan;1;2013;2013-01
20130123;2013-01-23;Wednesday;4;1;January;Jan;1;2013;2013-01
20130122;2013-01-22;Tuesday;4;1;January;Jan;1;2013;2013-01
20130121;2013-01-21;Monday;4;1;January;Jan;1;2013;2013-01
20130120;2013-01-20;Sunday;4;1;January;Jan;1;2013;2013-01
20130119;2013-01-19;Saturday;3;1;January;Jan;1;2013;2013-01
20130118;2013-01-18;Friday;3;1;January;Jan;1;2013;2013-01
20130117;2013-01-17;Thursday;3;1;January;Jan;1;2013;2013-01
20130116;2013-01-16;Wednesday;3;1;January;Jan;1;2013;2013-01
20130115;2013-01-15;Tuesday;3;1;January;Jan;1;2013;2013-01
20130114;2013-01-14;Monday;3;1;January;Jan;1;2013;2013-01
20130113;2013-01-13;Sunday;3;1;January;Jan;1;2013;2013-01
20130112;2013-01-12;Saturday;2;1;January;Jan;1;2013;2013-01
20130111;2013-01-11;Friday;2;1;January;Jan;1;2013;2013-01
20130110;2013-01-10;Thursday;2;1;January;Jan;1;2013;2013-01
20130109;2013-01-09;Wednesday;2;1;January;Jan;1;2013;2013-01
20130108;2013-01-08;Tuesday;2;1;January;Jan;1;2013;2013-01
20130107;2013-01-07;Monday;2;1;January;Jan;1;2013;2013-01
20130106;2013-01-06;Sunday;2;1;January;Jan;1;2013;2013-01
20130105;2013-01-05;Saturday;1;1;January;Jan;1;2013;2013-01
20130104;2013-01-04;Friday;1;1;January;Jan;1;2013;2013-01
20130103;2013-01-03;Thursday;1;1;January;Jan;1;2013;2013-01
20130102;2013-01-02;Wednesday;1;1;January;Jan;1;2013;2013-01
20130101;2013-01-01;Tuesday;1;1;January;Jan;1;2013;2013-01
20121231;2012-12-31;Monday;53;12;December;Dec;4;2012;2012-12
20121230;2012-12-30;Sunday;53;12;December;Dec;4;2012;2012-12
20121229;2012-12-29;Saturday;52;12;December;Dec;4;2012;2012-12
20121228;2012-12-28;Friday;52;12;December;Dec;4;2012;2012-12
20121227;2012-12-27;Thursday;52;12;December;Dec;4;2012;2012-12
20121226;2012-12-26;Wednesday;52;12;December;Dec;4;2012;2012-12
20121225;2012-12-25;Tuesday;52;12;December;Dec;4;2012;2012-12
20121224;2012-12-24;Monday;52;12;December;Dec;4;2012;2012-12
20121223;2012-12-23;Sunday;52;12;December;Dec;4;2012;2012-12
20121222;2012-12-22;Saturday;51;12;December;Dec;4;2012;2012-12
20121221;2012-12-21;Friday;51;12;December;Dec;4;2012;2012-12
20121220;2012-12-20;Thursday;51;12;December;Dec;4;2012;2012-12
20121219;2012-12-19;Wednesday;51;12;December;Dec;4;2012;2012-12
20121218;2012-12-18;Tuesday;51;12;December;Dec;4;2012;2012-12
20121217;2012-12-17;Monday;51;12;December;Dec;4;2012;2012-12
20121216;2012-12-16;Sunday;51;12;December;Dec;4;2012;2012-12
20121215;2012-12-15;Saturday;50;12;December;Dec;4;2012;2012-12
20121214;2012-12-14;Friday;50;12;December;Dec;4;2012;2012-12
20121213;2012-12-13;Thursday;50;12;December;Dec;4;2012;2012-12
20121212;2012-12-12;Wednesday;50;12;December;Dec;4;2012;2012-12
20121211;2012-12-11;Tuesday;50;12;December;Dec;4;2012;2012-12
20121210;2012-12-10;Monday;50;12;December;Dec;4;2012;2012-12
20121209;2012-12-09;Sunday;50;12;December;Dec;4;2012;2012-12
20121208;2012-12-08;Saturday;49;12;December;Dec;4;2012;2012-12
20121207;2012-12-07;Friday;49;12;December;Dec;4;2012;2012-12
20121206;2012-12-06;Thursday;49;12;December;Dec;4;2012;2012-12
20121205;2012-12-05;Wednesday;49;12;December;Dec;4;2012;2012-12
20121204;2012-12-04;Tuesday;49;12;December;Dec;4;2012;2012-12
20121203;2012-12-03;Monday;49;12;December;Dec;4;2012;2012-12
20121202;2012-12-02;Sunday;49;12;December;Dec;4;2012;2012-12
20121201;2012-12-01;Saturday;48;12;December;Dec;4;2012;2012-12
20121130;2012-11-30;Friday;48;11;November;Nov;4;2012;2012-11
20121129;2012-11-29;Thursday;48;11;November;Nov;4;2012;2012-11
20121128;2012-11-28;Wednesday;48;11;November;Nov;4;2012;2012-11
20121127;2012-11-27;Tuesday;48;11;November;Nov;4;2012;2012-11
20121126;2012-11-26;Monday;48;11;November;Nov;4;2012;2012-11
20121125;2012-11-25;Sunday;48;11;November;Nov;4;2012;2012-11
20121124;2012-11-24;Saturday;47;11;November;Nov;4;2012;2012-11
20121123;2012-11-23;Friday;47;11;November;Nov;4;2012;2012-11
20121122;2012-11-22;Thursday;47;11;November;Nov;4;2012;2012-11
20121121;2012-11-21;Wednesday;47;11;November;Nov;4;2012;2012-11
20121120;2012-11-20;Tuesday;47;11;November;Nov;4;2012;2012-11
20121119;2012-11-19;Monday;47;11;November;Nov;4;2012;2012-11
20121118;2012-11-18;Sunday;47;11;November;Nov;4;2012;2012-11
20121117;2012-11-17;Saturday;46;11;November;Nov;4;2012;2012-11
20121116;2012-11-16;Friday;46;11;November;Nov;4;2012;2012-11
20121115;2012-11-15;Thursday;46;11;November;Nov;4;2012;2012-11
20121114;2012-11-14;Wednesday;46;11;November;Nov;4;2012;2012-11
20121113;2012-11-13;Tuesday;46;11;November;Nov;4;2012;2012-11
20121112;2012-11-12;Monday;46;11;November;Nov;4;2012;2012-11
20121111;2012-11-11;Sunday;46;11;November;Nov;4;2012;2012-11
20121110;2012-11-10;Saturday;45;11;November;Nov;4;2012;2012-11
20121109;2012-11-09;Friday;45;11;November;Nov;4;2012;2012-11
20121108;2012-11-08;Thursday;45;11;November;Nov;4;2012;2012-11
20121107;2012-11-07;Wednesday;45;11;November;Nov;4;2012;2012-11
20121106;2012-11-06;Tuesday;45;11;November;Nov;4;2012;2012-11
20121105;2012-11-05;Monday;45;11;November;Nov;4;2012;2012-11
20121104;2012-11-04;Sunday;45;11;November;Nov;4;2012;2012-11
20121103;2012-11-03;Saturday;44;11;November;Nov;4;2012;2012-11
20121102;2012-11-02;Friday;44;11;November;Nov;4;2012;2012-11
20121101;2012-11-01;Thursday;44;11;November;Nov;4;2012;2012-11
20121031;2012-10-31;Wednesday;44;10;October;Oct;4;2012;2012-10
20121030;2012-10-30;Tuesday;44;10;October;Oct;4;2012;2012-10
20121029;2012-10-29;Monday;44;10;October;Oct;4;2012;2012-10
20121028;2012-10-28;Sunday;44;10;October;Oct;4;2012;2012-10
20121027;2012-10-27;Saturday;43;10;October;Oct;4;2012;2012-10
20121026;2012-10-26;Friday;43;10;October;Oct;4;2012;2012-10
20121025;2012-10-25;Thursday;43;10;October;Oct;4;2012;2012-10
20121024;2012-10-24;Wednesday;43;10;October;Oct;4;2012;2012-10
20121023;2012-10-23;Tuesday;43;10;October;Oct;4;2012;2012-10
20121022;2012-10-22;Monday;43;10;October;Oct;4;2012;2012-10
20121021;2012-10-21;Sunday;43;10;October;Oct;4;2012;2012-10
20121020;2012-10-20;Saturday;42;10;October;Oct;4;2012;2012-10
20121019;2012-10-19;Friday;42;10;October;Oct;4;2012;2012-10
20121018;2012-10-18;Thursday;42;10;October;Oct;4;2012;2012-10
20121017;2012-10-17;Wednesday;42;10;October;Oct;4;2012;2012-10
20121016;2012-10-16;Tuesday;42;10;October;Oct;4;2012;2012-10
20121015;2012-10-15;Monday;42;10;October;Oct;4;2012;2012-10
20121014;2012-10-14;Sunday;42;10;October;Oct;4;2012;2012-10
20121013;2012-10-13;Saturday;41;10;October;Oct;4;2012;2012-10
20121012;2012-10-12;Friday;41;10;October;Oct;4;2012;2012-10
20121011;2012-10-11;Thursday;41;10;October;Oct;4;2012;2012-10
20121010;2012-10-10;Wednesday;41;10;October;Oct;4;2012;2012-10
20121009;2012-10-09;Tuesday;41;10;October;Oct;4;2012;2012-10
20121008;2012-10-08;Monday;41;10;October;Oct;4;2012;2012-10
20121007;2012-10-07;Sunday;41;10;October;Oct;4;2012;2012-10
20121006;2012-10-06;Saturday;40;10;October;Oct;4;2012;2012-10
20121005;2012-10-05;Friday;40;10;October;Oct;4;2012;2012-10
20121004;2012-10-04;Thursday;40;10;October;Oct;4;2012;2012-10
20121003;2012-10-03;Wednesday;40;10;October;Oct;4;2012;2012-10
20121002;2012-10-02;Tuesday;40;10;October;Oct;4;2012;2012-10
20121001;2012-10-01;Monday;40;10;October;Oct;4;2012;2012-10
20120930;2012-09-30;Sunday;40;9;September;Sep;3;2012;2012-09
20120929;2012-09-29;Saturday;39;9;September;Sep;3;2012;2012-09
20120928;2012-09-28;Friday;39;9;September;Sep;3;2012;2012-09
20120927;2012-09-27;Thursday;39;9;September;Sep;3;2012;2012-09
20120926;2012-09-26;Wednesday;39;9;September;Sep;3;2012;2012-09
20120925;2012-09-25;Tuesday;39;9;September;Sep;3;2012;2012-09
20120924;2012-09-24;Monday;39;9;September;Sep;3;2012;2012-09
20120923;2012-09-23;Sunday;39;9;September;Sep;3;2012;2012-09
20120922;2012-09-22;Saturday;38;9;September;Sep;3;2012;2012-09
20120921;2012-09-21;Friday;38;9;September;Sep;3;2012;2012-09
20120920;2012-09-20;Thursday;38;9;September;Sep;3;2012;2012-09
20120919;2012-09-19;Wednesday;38;9;September;Sep;3;2012;2012-09
20120918;2012-09-18;Tuesday;38;9;September;Sep;3;2012;2012-09
20120917;2012-09-17;Monday;38;9;September;Sep;3;2012;2012-09
20120916;2012-09-16;Sunday;38;9;September;Sep;3;2012;2012-09
20120915;2012-09-15;Saturday;37;9;September;Sep;3;2012;2012-09
20120914;2012-09-14;Friday;37;9;September;Sep;3;2012;2012-09
20120913;2012-09-13;Thursday;37;9;September;Sep;3;2012;2012-09
20120912;2012-09-12;Wednesday;37;9;September;Sep;3;2012;2012-09
20120911;2012-09-11;Tuesday;37;9;September;Sep;3;2012;2012-09
20120910;2012-09-10;Monday;37;9;September;Sep;3;2012;2012-09
20120909;2012-09-09;Sunday;37;9;September;Sep;3;2012;2012-09
20120908;2012-09-08;Saturday;36;9;September;Sep;3;2012;2012-09
20120907;2012-09-07;Friday;36;9;September;Sep;3;2012;2012-09
20120906;2012-09-06;Thursday;36;9;September;Sep;3;2012;2012-09
20120905;2012-09-05;Wednesday;36;9;September;Sep;3;2012;2012-09
20120904;2012-09-04;Tuesday;36;9;September;Sep;3;2012;2012-09
20120903;2012-09-03;Monday;36;9;September;Sep;3;2012;2012-09
20120902;2012-09-02;Sunday;36;9;September;Sep;3;2012;2012-09
20120901;2012-09-01;Saturday;35;9;September;Sep;3;2012;2012-09
20120831;2012-08-31;Friday;35;8;August;Aug;3;2012;2012-08
20120830;2012-08-30;Thursday;35;8;August;Aug;3;2012;2012-08
20120829;2012-08-29;Wednesday;35;8;August;Aug;3;2012;2012-08
20120828;2012-08-28;Tuesday;35;8;August;Aug;3;2012;2012-08
20120827;2012-08-27;Monday;35;8;August;Aug;3;2012;2012-08
20120826;2012-08-26;Sunday;35;8;August;Aug;3;2012;2012-08
20120825;2012-08-25;Saturday;34;8;August;Aug;3;2012;2012-08
20120824;2012-08-24;Friday;34;8;August;Aug;3;2012;2012-08
20120823;2012-08-23;Thursday;34;8;August;Aug;3;2012;2012-08
20120822;2012-08-22;Wednesday;34;8;August;Aug;3;2012;2012-08
20120821;2012-08-21;Tuesday;34;8;August;Aug;3;2012;2012-08
20120820;2012-08-20;Monday;34;8;August;Aug;3;2012;2012-08
20120819;2012-08-19;Sunday;34;8;August;Aug;3;2012;2012-08
20120818;2012-08-18;Saturday;33;8;August;Aug;3;2012;2012-08
20120817;2012-08-17;Friday;33;8;August;Aug;3;2012;2012-08
20120816;2012-08-16;Thursday;33;8;August;Aug;3;2012;2012-08
20120815;2012-08-15;Wednesday;33;8;August;Aug;3;2012;2012-08
20120814;2012-08-14;Tuesday;33;8;August;Aug;3;2012;2012-08
20120813;2012-08-13;Monday;33;8;August;Aug;3;2012;2012-08
20120812;2012-08-12;Sunday;33;8;August;Aug;3;2012;2012-08
20120811;2012-08-11;Saturday;32;8;August;Aug;3;2012;2012-08
20120810;2012-08-10;Friday;32;8;August;Aug;3;2012;2012-08
20120809;2012-08-09;Thursday;32;8;August;Aug;3;2012;2012-08
20120808;2012-08-08;Wednesday;32;8;August;Aug;3;2012;2012-08
20120807;2012-08-07;Tuesday;32;8;August;Aug;3;2012;2012-08
20120806;2012-08-06;Monday;32;8;August;Aug;3;2012;2012-08
20120805;2012-08-05;Sunday;32;8;August;Aug;3;2012;2012-08
20120804;2012-08-04;Saturday;31;8;August;Aug;3;2012;2012-08
20120803;2012-08-03;Friday;31;8;August;Aug;3;2012;2012-08
20120802;2012-08-02;Thursday;31;8;August;Aug;3;2012;2012-08
20120801;2012-08-01;Wednesday;31;8;August;Aug;3;2012;2012-08
20120731;2012-07-31;Tuesday;31;7;July;Jul;3;2012;2012-07
20120730;2012-07-30;Monday;31;7;July;Jul;3;2012;2012-07
20120729;2012-07-29;Sunday;31;7;July;Jul;3;2012;2012-07
20120728;2012-07-28;Saturday;30;7;July;Jul;3;2012;2012-07
20120727;2012-07-27;Friday;30;7;July;Jul;3;2012;2012-07
20120726;2012-07-26;Thursday;30;7;July;Jul;3;2012;2012-07
20120725;2012-07-25;Wednesday;30;7;July;Jul;3;2012;2012-07
20120724;2012-07-24;Tuesday;30;7;July;Jul;3;2012;2012-07
20120723;2012-07-23;Monday;30;7;July;Jul;3;2012;2012-07
20120722;2012-07-22;Sunday;30;7;July;Jul;3;2012;2012-07
20120721;2012-07-21;Saturday;29;7;July;Jul;3;2012;2012-07
20120720;2012-07-20;Friday;29;7;July;Jul;3;2012;2012-07
20120719;2012-07-19;Thursday;29;7;July;Jul;3;2012;2012-07
20120718;2012-07-18;Wednesday;29;7;July;Jul;3;2012;2012-07
20120717;2012-07-17;Tuesday;29;7;July;Jul;3;2012;2012-07
20120716;2012-07-16;Monday;29;7;July;Jul;3;2012;2012-07
20120715;2012-07-15;Sunday;29;7;July;Jul;3;2012;2012-07
20120714;2012-07-14;Saturday;28;7;July;Jul;3;2012;2012-07
20120713;2012-07-13;Friday;28;7;July;Jul;3;2012;2012-07
20120712;2012-07-12;Thursday;28;7;July;Jul;3;2012;2012-07
20120711;2012-07-11;Wednesday;28;7;July;Jul;3;2012;2012-07
20120710;2012-07-10;Tuesday;28;7;July;Jul;3;2012;2012-07
20120709;2012-07-09;Monday;28;7;July;Jul;3;2012;2012-07
20120708;2012-07-08;Sunday;28;7;July;Jul;3;2012;2012-07
20120707;2012-07-07;Saturday;27;7;July;Jul;3;2012;2012-07
20120706;2012-07-06;Friday;27;7;July;Jul;3;2012;2012-07
20120705;2012-07-05;Thursday;27;7;July;Jul;3;2012;2012-07
20120704;2012-07-04;Wednesday;27;7;July;Jul;3;2012;2012-07
20120703;2012-07-03;Tuesday;27;7;July;Jul;3;2012;2012-07
20120702;2012-07-02;Monday;27;7;July;Jul;3;2012;2012-07
20120701;2012-07-01;Sunday;27;7;July;Jul;3;2012;2012-07
20120630;2012-06-30;Saturday;26;6;June;Jun;2;2012;2012-06
20120629;2012-06-29;Friday;26;6;June;Jun;2;2012;2012-06
20120628;2012-06-28;Thursday;26;6;June;Jun;2;2012;2012-06
20120627;2012-06-27;Wednesday;26;6;June;Jun;2;2012;2012-06
20120626;2012-06-26;Tuesday;26;6;June;Jun;2;2012;2012-06
20120625;2012-06-25;Monday;26;6;June;Jun;2;2012;2012-06
20120624;2012-06-24;Sunday;26;6;June;Jun;2;2012;2012-06
20120623;2012-06-23;Saturday;25;6;June;Jun;2;2012;2012-06
20120622;2012-06-22;Friday;25;6;June;Jun;2;2012;2012-06
20120621;2012-06-21;Thursday;25;6;June;Jun;2;2012;2012-06
20120620;2012-06-20;Wednesday;25;6;June;Jun;2;2012;2012-06
20120619;2012-06-19;Tuesday;25;6;June;Jun;2;2012;2012-06
20120618;2012-06-18;Monday;25;6;June;Jun;2;2012;2012-06
20120617;2012-06-17;Sunday;25;6;June;Jun;2;2012;2012-06
20120616;2012-06-16;Saturday;24;6;June;Jun;2;2012;2012-06
20120615;2012-06-15;Friday;24;6;June;Jun;2;2012;2012-06
20120614;2012-06-14;Thursday;24;6;June;Jun;2;2012;2012-06
20120613;2012-06-13;Wednesday;24;6;June;Jun;2;2012;2012-06
20120612;2012-06-12;Tuesday;24;6;June;Jun;2;2012;2012-06
20120611;2012-06-11;Monday;24;6;June;Jun;2;2012;2012-06
20120610;2012-06-10;Sunday;24;6;June;Jun;2;2012;2012-06
20120609;2012-06-09;Saturday;23;6;June;Jun;2;2012;2012-06
20120608;2012-06-08;Friday;23;6;June;Jun;2;2012;2012-06
20120607;2012-06-07;Thursday;23;6;June;Jun;2;2012;2012-06
20120606;2012-06-06;Wednesday;23;6;June;Jun;2;2012;2012-06
20120605;2012-06-05;Tuesday;23;6;June;Jun;2;2012;2012-06
20120604;2012-06-04;Monday;23;6;June;Jun;2;2012;2012-06
20120603;2012-06-03;Sunday;23;6;June;Jun;2;2012;2012-06
20120602;2012-06-02;Saturday;22;6;June;Jun;2;2012;2012-06
20120601;2012-06-01;Friday;22;6;June;Jun;2;2012;2012-06
20120531;2012-05-31;Thursday;22;5;May;May;2;2012;2012-05
20120530;2012-05-30;Wednesday;22;5;May;May;2;2012;2012-05
20120529;2012-05-29;Tuesday;22;5;May;May;2;2012;2012-05
20120528;2012-05-28;Monday;22;5;May;May;2;2012;2012-05
20120527;2012-05-27;Sunday;22;5;May;May;2;2012;2012-05
20120526;2012-05-26;Saturday;21;5;May;May;2;2012;2012-05
20120525;2012-05-25;Friday;21;5;May;May;2;2012;2012-05
20120524;2012-05-24;Thursday;21;5;May;May;2;2012;2012-05
20120523;2012-05-23;Wednesday;21;5;May;May;2;2012;2012-05
20120522;2012-05-22;Tuesday;21;5;May;May;2;2012;2012-05
20120521;2012-05-21;Monday;21;5;May;May;2;2012;2012-05
20120520;2012-05-20;Sunday;21;5;May;May;2;2012;2012-05
20120519;2012-05-19;Saturday;20;5;May;May;2;2012;2012-05
20120518;2012-05-18;Friday;20;5;May;May;2;2012;2012-05
20120517;2012-05-17;Thursday;20;5;May;May;2;2012;2012-05
20120516;2012-05-16;Wednesday;20;5;May;May;2;2012;2012-05
20120515;2012-05-15;Tuesday;20;5;May;May;2;2012;2012-05
20120514;2012-05-14;Monday;20;5;May;May;2;2012;2012-05
20120513;2012-05-13;Sunday;20;5;May;May;2;2012;2012-05
20120512;2012-05-12;Saturday;19;5;May;May;2;2012;2012-05
20120511;2012-05-11;Friday;19;5;May;May;2;2012;2012-05
20120510;2012-05-10;Thursday;19;5;May;May;2;2012;2012-05
20120509;2012-05-09;Wednesday;19;5;May;May;2;2012;2012-05
20120508;2012-05-08;Tuesday;19;5;May;May;2;2012;2012-05
20120507;2012-05-07;Monday;19;5;May;May;2;2012;2012-05
20120506;2012-05-06;Sunday;19;5;May;May;2;2012;2012-05
20120505;2012-05-05;Saturday;18;5;May;May;2;2012;2012-05
20120504;2012-05-04;Friday;18;5;May;May;2;2012;2012-05
20120503;2012-05-03;Thursday;18;5;May;May;2;2012;2012-05
20120502;2012-05-02;Wednesday;18;5;May;May;2;2012;2012-05
20120501;2012-05-01;Tuesday;18;5;May;May;2;2012;2012-05
20120430;2012-04-30;Monday;18;4;April;Apr;2;2012;2012-04
20120429;2012-04-29;Sunday;18;4;April;Apr;2;2012;2012-04
20120428;2012-04-28;Saturday;17;4;April;Apr;2;2012;2012-04
20120427;2012-04-27;Friday;17;4;April;Apr;2;2012;2012-04
20120426;2012-04-26;Thursday;17;4;April;Apr;2;2012;2012-04
20120425;2012-04-25;Wednesday;17;4;April;Apr;2;2012;2012-04
20120424;2012-04-24;Tuesday;17;4;April;Apr;2;2012;2012-04
20120423;2012-04-23;Monday;17;4;April;Apr;2;2012;2012-04
20120422;2012-04-22;Sunday;17;4;April;Apr;2;2012;2012-04
20120421;2012-04-21;Saturday;16;4;April;Apr;2;2012;2012-04
20120420;2012-04-20;Friday;16;4;April;Apr;2;2012;2012-04
20120419;2012-04-19;Thursday;16;4;April;Apr;2;2012;2012-04
20120418;2012-04-18;Wednesday;16;4;April;Apr;2;2012;2012-04
20120417;2012-04-17;Tuesday;16;4;April;Apr;2;2012;2012-04
20120416;2012-04-16;Monday;16;4;April;Apr;2;2012;2012-04
20120415;2012-04-15;Sunday;16;4;April;Apr;2;2012;2012-04
20120414;2012-04-14;Saturday;15;4;April;Apr;2;2012;2012-04
20120413;2012-04-13;Friday;15;4;April;Apr;2;2012;2012-04
20120412;2012-04-12;Thursday;15;4;April;Apr;2;2012;2012-04
20120411;2012-04-11;Wednesday;15;4;April;Apr;2;2012;2012-04
20120410;2012-04-10;Tuesday;15;4;April;Apr;2;2012;2012-04
20120409;2012-04-09;Monday;15;4;April;Apr;2;2012;2012-04
20120408;2012-04-08;Sunday;15;4;April;Apr;2;2012;2012-04
20120407;2012-04-07;Saturday;14;4;April;Apr;2;2012;2012-04
20120406;2012-04-06;Friday;14;4;April;Apr;2;2012;2012-04
20120405;2012-04-05;Thursday;14;4;April;Apr;2;2012;2012-04
20120404;2012-04-04;Wednesday;14;4;April;Apr;2;2012;2012-04
20120403;2012-04-03;Tuesday;14;4;April;Apr;2;2012;2012-04
20120402;2012-04-02;Monday;14;4;April;Apr;2;2012;2012-04
20120401;2012-04-01;Sunday;14;4;April;Apr;2;2012;2012-04
20120331;2012-03-31;Saturday;13;3;March;Mar;1;2012;2012-03
20120330;2012-03-30;Friday;13;3;March;Mar;1;2012;2012-03
20120329;2012-03-29;Thursday;13;3;March;Mar;1;2012;2012-03
20120328;2012-03-28;Wednesday;13;3;March;Mar;1;2012;2012-03
20120327;2012-03-27;Tuesday;13;3;March;Mar;1;2012;2012-03
20120326;2012-03-26;Monday;13;3;March;Mar;1;2012;2012-03
20120325;2012-03-25;Sunday;13;3;March;Mar;1;2012;2012-03
20120324;2012-03-24;Saturday;12;3;March;Mar;1;2012;2012-03
20120323;2012-03-23;Friday;12;3;March;Mar;1;2012;2012-03
20120322;2012-03-22;Thursday;12;3;March;Mar;1;2012;2012-03
20120321;2012-03-21;Wednesday;12;3;March;Mar;1;2012;2012-03
20120320;2012-03-20;Tuesday;12;3;March;Mar;1;2012;2012-03
20120319;2012-03-19;Monday;12;3;March;Mar;1;2012;2012-03
20120318;2012-03-18;Sunday;12;3;March;Mar;1;2012;2012-03
20120317;2012-03-17;Saturday;11;3;March;Mar;1;2012;2012-03
20120316;2012-03-16;Friday;11;3;March;Mar;1;2012;2012-03
20120315;2012-03-15;Thursday;11;3;March;Mar;1;2012;2012-03
20120314;2012-03-14;Wednesday;11;3;March;Mar;1;2012;2012-03
20120313;2012-03-13;Tuesday;11;3;March;Mar;1;2012;2012-03
20120312;2012-03-12;Monday;11;3;March;Mar;1;2012;2012-03
20120311;2012-03-11;Sunday;11;3;March;Mar;1;2012;2012-03
20120310;2012-03-10;Saturday;10;3;March;Mar;1;2012;2012-03
20120309;2012-03-09;Friday;10;3;March;Mar;1;2012;2012-03
20120308;2012-03-08;Thursday;10;3;March;Mar;1;2012;2012-03
20120307;2012-03-07;Wednesday;10;3;March;Mar;1;2012;2012-03
20120306;2012-03-06;Tuesday;10;3;March;Mar;1;2012;2012-03
20120305;2012-03-05;Monday;10;3;March;Mar;1;2012;2012-03
20120304;2012-03-04;Sunday;10;3;March;Mar;1;2012;2012-03
20120303;2012-03-03;Saturday;9;3;March;Mar;1;2012;2012-03
20120302;2012-03-02;Friday;9;3;March;Mar;1;2012;2012-03
20120301;2012-03-01;Thursday;9;3;March;Mar;1;2012;2012-03
20120229;2012-02-29;Wednesday;9;2;February;Feb;1;2012;2012-02
20120228;2012-02-28;Tuesday;9;2;February;Feb;1;2012;2012-02
20120227;2012-02-27;Monday;9;2;February;Feb;1;2012;2012-02
20120226;2012-02-26;Sunday;9;2;February;Feb;1;2012;2012-02
20120225;2012-02-25;Saturday;8;2;February;Feb;1;2012;2012-02
20120224;2012-02-24;Friday;8;2;February;Feb;1;2012;2012-02
20120223;2012-02-23;Thursday;8;2;February;Feb;1;2012;2012-02
20120222;2012-02-22;Wednesday;8;2;February;Feb;1;2012;2012-02
20120221;2012-02-21;Tuesday;8;2;February;Feb;1;2012;2012-02
20120220;2012-02-20;Monday;8;2;February;Feb;1;2012;2012-02
20120219;2012-02-19;Sunday;8;2;February;Feb;1;2012;2012-02
20120218;2012-02-18;Saturday;7;2;February;Feb;1;2012;2012-02
20120217;2012-02-17;Friday;7;2;February;Feb;1;2012;2012-02
20120216;2012-02-16;Thursday;7;2;February;Feb;1;2012;2012-02
20120215;2012-02-15;Wednesday;7;2;February;Feb;1;2012;2012-02
20120214;2012-02-14;Tuesday;7;2;February;Feb;1;2012;2012-02
20120213;2012-02-13;Monday;7;2;February;Feb;1;2012;2012-02
20120212;2012-02-12;Sunday;7;2;February;Feb;1;2012;2012-02
20120211;2012-02-11;Saturday;6;2;February;Feb;1;2012;2012-02
20120210;2012-02-10;Friday;6;2;February;Feb;1;2012;2012-02
20120209;2012-02-09;Thursday;6;2;February;Feb;1;2012;2012-02
20120208;2012-02-08;Wednesday;6;2;February;Feb;1;2012;2012-02
20120207;2012-02-07;Tuesday;6;2;February;Feb;1;2012;2012-02
20120206;2012-02-06;Monday;6;2;February;Feb;1;2012;2012-02
20120205;2012-02-05;Sunday;6;2;February;Feb;1;2012;2012-02
20120204;2012-02-04;Saturday;5;2;February;Feb;1;2012;2012-02
20120203;2012-02-03;Friday;5;2;February;Feb;1;2012;2012-02
20120202;2012-02-02;Thursday;5;2;February;Feb;1;2012;2012-02
20120201;2012-02-01;Wednesday;5;2;February;Feb;1;2012;2012-02
20120131;2012-01-31;Tuesday;5;1;January;Jan;1;2012;2012-01
20120130;2012-01-30;Monday;5;1;January;Jan;1;2012;2012-01
20120129;2012-01-29;Sunday;5;1;January;Jan;1;2012;2012-01
20120128;2012-01-28;Saturday;4;1;January;Jan;1;2012;2012-01
20120127;2012-01-27;Friday;4;1;January;Jan;1;2012;2012-01
20120126;2012-01-26;Thursday;4;1;January;Jan;1;2012;2012-01
20120125;2012-01-25;Wednesday;4;1;January;Jan;1;2012;2012-01
20120124;2012-01-24;Tuesday;4;1;January;Jan;1;2012;2012-01
20120123;2012-01-23;Monday;4;1;January;Jan;1;2012;2012-01
20120122;2012-01-22;Sunday;4;1;January;Jan;1;2012;2012-01
20120121;2012-01-21;Saturday;3;1;January;Jan;1;2012;2012-01
20120120;2012-01-20;Friday;3;1;January;Jan;1;2012;2012-01
20120119;2012-01-19;Thursday;3;1;January;Jan;1;2012;2012-01
20120118;2012-01-18;Wednesday;3;1;January;Jan;1;2012;2012-01
20120117;2012-01-17;Tuesday;3;1;January;Jan;1;2012;2012-01
20120116;2012-01-16;Monday;3;1;January;Jan;1;2012;2012-01
20120115;2012-01-15;Sunday;3;1;January;Jan;1;2012;2012-01
20120114;2012-01-14;Saturday;2;1;January;Jan;1;2012;2012-01
20120113;2012-01-13;Friday;2;1;January;Jan;1;2012;2012-01
20120112;2012-01-12;Thursday;2;1;January;Jan;1;2012;2012-01
20120111;2012-01-11;Wednesday;2;1;January;Jan;1;2012;2012-01
20120110;2012-01-10;Tuesday;2;1;January;Jan;1;2012;2012-01
20120109;2012-01-09;Monday;2;1;January;Jan;1;2012;2012-01
20120108;2012-01-08;Sunday;2;1;January;Jan;1;2012;2012-01
20120107;2012-01-07;Saturday;1;1;January;Jan;1;2012;2012-01
20120106;2012-01-06;Friday;1;1;January;Jan;1;2012;2012-01
20120105;2012-01-05;Thursday;1;1;January;Jan;1;2012;2012-01
20120104;2012-01-04;Wednesday;1;1;January;Jan;1;2012;2012-01
20120103;2012-01-03;Tuesday;1;1;January;Jan;1;2012;2012-01
20120102;2012-01-02;Monday;1;1;January;Jan;1;2012;2012-01
20120101;2012-01-01;Sunday;1;1;January;Jan;1;2012;2012-01
20111231;2011-12-31;Saturday;53;12;December;Dec;4;2011;2011-12
20111230;2011-12-30;Friday;53;12;December;Dec;4;2011;2011-12
20111229;2011-12-29;Thursday;53;12;December;Dec;4;2011;2011-12
20111228;2011-12-28;Wednesday;53;12;December;Dec;4;2011;2011-12
20111227;2011-12-27;Tuesday;53;12;December;Dec;4;2011;2011-12
20111226;2011-12-26;Monday;53;12;December;Dec;4;2011;2011-12
20111225;2011-12-25;Sunday;53;12;December;Dec;4;2011;2011-12
20111224;2011-12-24;Saturday;52;12;December;Dec;4;2011;2011-12
20111223;2011-12-23;Friday;52;12;December;Dec;4;2011;2011-12
20111222;2011-12-22;Thursday;52;12;December;Dec;4;2011;2011-12
20111221;2011-12-21;Wednesday;52;12;December;Dec;4;2011;2011-12
20111220;2011-12-20;Tuesday;52;12;December;Dec;4;2011;2011-12
20111219;2011-12-19;Monday;52;12;December;Dec;4;2011;2011-12
20111218;2011-12-18;Sunday;52;12;December;Dec;4;2011;2011-12
20111217;2011-12-17;Saturday;51;12;December;Dec;4;2011;2011-12
20111216;2011-12-16;Friday;51;12;December;Dec;4;2011;2011-12
20111215;2011-12-15;Thursday;51;12;December;Dec;4;2011;2011-12
20111214;2011-12-14;Wednesday;51;12;December;Dec;4;2011;2011-12
20111213;2011-12-13;Tuesday;51;12;December;Dec;4;2011;2011-12
20111212;2011-12-12;Monday;51;12;December;Dec;4;2011;2011-12
20111211;2011-12-11;Sunday;51;12;December;Dec;4;2011;2011-12
20111210;2011-12-10;Saturday;50;12;December;Dec;4;2011;2011-12
20111209;2011-12-09;Friday;50;12;December;Dec;4;2011;2011-12
20111208;2011-12-08;Thursday;50;12;December;Dec;4;2011;2011-12
20111207;2011-12-07;Wednesday;50;12;December;Dec;4;2011;2011-12
20111206;2011-12-06;Tuesday;50;12;December;Dec;4;2011;2011-12
20111205;2011-12-05;Monday;50;12;December;Dec;4;2011;2011-12
20111204;2011-12-04;Sunday;50;12;December;Dec;4;2011;2011-12
20111203;2011-12-03;Saturday;49;12;December;Dec;4;2011;2011-12
20111202;2011-12-02;Friday;49;12;December;Dec;4;2011;2011-12
20111201;2011-12-01;Thursday;49;12;December;Dec;4;2011;2011-12
20111130;2011-11-30;Wednesday;49;11;November;Nov;4;2011;2011-11
20111129;2011-11-29;Tuesday;49;11;November;Nov;4;2011;2011-11
20111128;2011-11-28;Monday;49;11;November;Nov;4;2011;2011-11
20111127;2011-11-27;Sunday;49;11;November;Nov;4;2011;2011-11
20111126;2011-11-26;Saturday;48;11;November;Nov;4;2011;2011-11
20111125;2011-11-25;Friday;48;11;November;Nov;4;2011;2011-11
20111124;2011-11-24;Thursday;48;11;November;Nov;4;2011;2011-11
20111123;2011-11-23;Wednesday;48;11;November;Nov;4;2011;2011-11
20111122;2011-11-22;Tuesday;48;11;November;Nov;4;2011;2011-11
20111121;2011-11-21;Monday;48;11;November;Nov;4;2011;2011-11
20111120;2011-11-20;Sunday;48;11;November;Nov;4;2011;2011-11
20111119;2011-11-19;Saturday;47;11;November;Nov;4;2011;2011-11
20111118;2011-11-18;Friday;47;11;November;Nov;4;2011;2011-11
20111117;2011-11-17;Thursday;47;11;November;Nov;4;2011;2011-11
20111116;2011-11-16;Wednesday;47;11;November;Nov;4;2011;2011-11
20111115;2011-11-15;Tuesday;47;11;November;Nov;4;2011;2011-11
20111114;2011-11-14;Monday;47;11;November;Nov;4;2011;2011-11
20111113;2011-11-13;Sunday;47;11;November;Nov;4;2011;2011-11
20111112;2011-11-12;Saturday;46;11;November;Nov;4;2011;2011-11
20111111;2011-11-11;Friday;46;11;November;Nov;4;2011;2011-11
20111110;2011-11-10;Thursday;46;11;November;Nov;4;2011;2011-11
20111109;2011-11-09;Wednesday;46;11;November;Nov;4;2011;2011-11
20111108;2011-11-08;Tuesday;46;11;November;Nov;4;2011;2011-11
20111107;2011-11-07;Monday;46;11;November;Nov;4;2011;2011-11
20111106;2011-11-06;Sunday;46;11;November;Nov;4;2011;2011-11
20111105;2011-11-05;Saturday;45;11;November;Nov;4;2011;2011-11
20111104;2011-11-04;Friday;45;11;November;Nov;4;2011;2011-11
20111103;2011-11-03;Thursday;45;11;November;Nov;4;2011;2011-11
20111102;2011-11-02;Wednesday;45;11;November;Nov;4;2011;2011-11
20111101;2011-11-01;Tuesday;45;11;November;Nov;4;2011;2011-11
20111031;2011-10-31;Monday;45;10;October;Oct;4;2011;2011-10
20111030;2011-10-30;Sunday;45;10;October;Oct;4;2011;2011-10
20111029;2011-10-29;Saturday;44;10;October;Oct;4;2011;2011-10
20111028;2011-10-28;Friday;44;10;October;Oct;4;2011;2011-10
20111027;2011-10-27;Thursday;44;10;October;Oct;4;2011;2011-10
20111026;2011-10-26;Wednesday;44;10;October;Oct;4;2011;2011-10
20111025;2011-10-25;Tuesday;44;10;October;Oct;4;2011;2011-10
20111024;2011-10-24;Monday;44;10;October;Oct;4;2011;2011-10
20111023;2011-10-23;Sunday;44;10;October;Oct;4;2011;2011-10
20111022;2011-10-22;Saturday;43;10;October;Oct;4;2011;2011-10
20111021;2011-10-21;Friday;43;10;October;Oct;4;2011;2011-10
20111020;2011-10-20;Thursday;43;10;October;Oct;4;2011;2011-10
20111019;2011-10-19;Wednesday;43;10;October;Oct;4;2011;2011-10
20111018;2011-10-18;Tuesday;43;10;October;Oct;4;2011;2011-10
20111017;2011-10-17;Monday;43;10;October;Oct;4;2011;2011-10
20111016;2011-10-16;Sunday;43;10;October;Oct;4;2011;2011-10
20111015;2011-10-15;Saturday;42;10;October;Oct;4;2011;2011-10
20111014;2011-10-14;Friday;42;10;October;Oct;4;2011;2011-10
20111013;2011-10-13;Thursday;42;10;October;Oct;4;2011;2011-10
20111012;2011-10-12;Wednesday;42;10;October;Oct;4;2011;2011-10
20111011;2011-10-11;Tuesday;42;10;October;Oct;4;2011;2011-10
20111010;2011-10-10;Monday;42;10;October;Oct;4;2011;2011-10
20111009;2011-10-09;Sunday;42;10;October;Oct;4;2011;2011-10
20111008;2011-10-08;Saturday;41;10;October;Oct;4;2011;2011-10
20111007;2011-10-07;Friday;41;10;October;Oct;4;2011;2011-10
20111006;2011-10-06;Thursday;41;10;October;Oct;4;2011;2011-10
20111005;2011-10-05;Wednesday;41;10;October;Oct;4;2011;2011-10
20111004;2011-10-04;Tuesday;41;10;October;Oct;4;2011;2011-10
20111003;2011-10-03;Monday;41;10;October;Oct;4;2011;2011-10
20111002;2011-10-02;Sunday;41;10;October;Oct;4;2011;2011-10
20111001;2011-10-01;Saturday;40;10;October;Oct;4;2011;2011-10
20110930;2011-09-30;Friday;40;9;September;Sep;3;2011;2011-09
20110929;2011-09-29;Thursday;40;9;September;Sep;3;2011;2011-09
20110928;2011-09-28;Wednesday;40;9;September;Sep;3;2011;2011-09
20110927;2011-09-27;Tuesday;40;9;September;Sep;3;2011;2011-09
20110926;2011-09-26;Monday;40;9;September;Sep;3;2011;2011-09
20110925;2011-09-25;Sunday;40;9;September;Sep;3;2011;2011-09
20110924;2011-09-24;Saturday;39;9;September;Sep;3;2011;2011-09
20110923;2011-09-23;Friday;39;9;September;Sep;3;2011;2011-09
20110922;2011-09-22;Thursday;39;9;September;Sep;3;2011;2011-09
20110921;2011-09-21;Wednesday;39;9;September;Sep;3;2011;2011-09
20110920;2011-09-20;Tuesday;39;9;September;Sep;3;2011;2011-09
20110919;2011-09-19;Monday;39;9;September;Sep;3;2011;2011-09
20110918;2011-09-18;Sunday;39;9;September;Sep;3;2011;2011-09
20110917;2011-09-17;Saturday;38;9;September;Sep;3;2011;2011-09
20110916;2011-09-16;Friday;38;9;September;Sep;3;2011;2011-09
20110915;2011-09-15;Thursday;38;9;September;Sep;3;2011;2011-09
20110914;2011-09-14;Wednesday;38;9;September;Sep;3;2011;2011-09
20110913;2011-09-13;Tuesday;38;9;September;Sep;3;2011;2011-09
20110912;2011-09-12;Monday;38;9;September;Sep;3;2011;2011-09
20110911;2011-09-11;Sunday;38;9;September;Sep;3;2011;2011-09
20110910;2011-09-10;Saturday;37;9;September;Sep;3;2011;2011-09
20110909;2011-09-09;Friday;37;9;September;Sep;3;2011;2011-09
20110908;2011-09-08;Thursday;37;9;September;Sep;3;2011;2011-09
20110907;2011-09-07;Wednesday;37;9;September;Sep;3;2011;2011-09
20110906;2011-09-06;Tuesday;37;9;September;Sep;3;2011;2011-09
20110905;2011-09-05;Monday;37;9;September;Sep;3;2011;2011-09
20110904;2011-09-04;Sunday;37;9;September;Sep;3;2011;2011-09
20110903;2011-09-03;Saturday;36;9;September;Sep;3;2011;2011-09
20110902;2011-09-02;Friday;36;9;September;Sep;3;2011;2011-09
20110901;2011-09-01;Thursday;36;9;September;Sep;3;2011;2011-09
20110831;2011-08-31;Wednesday;36;8;August;Aug;3;2011;2011-08
20110830;2011-08-30;Tuesday;36;8;August;Aug;3;2011;2011-08
20110829;2011-08-29;Monday;36;8;August;Aug;3;2011;2011-08
20110828;2011-08-28;Sunday;36;8;August;Aug;3;2011;2011-08
20110827;2011-08-27;Saturday;35;8;August;Aug;3;2011;2011-08
20110826;2011-08-26;Friday;35;8;August;Aug;3;2011;2011-08
20110825;2011-08-25;Thursday;35;8;August;Aug;3;2011;2011-08
20110824;2011-08-24;Wednesday;35;8;August;Aug;3;2011;2011-08
20110823;2011-08-23;Tuesday;35;8;August;Aug;3;2011;2011-08
20110822;2011-08-22;Monday;35;8;August;Aug;3;2011;2011-08
20110821;2011-08-21;Sunday;35;8;August;Aug;3;2011;2011-08
20110820;2011-08-20;Saturday;34;8;August;Aug;3;2011;2011-08
20110819;2011-08-19;Friday;34;8;August;Aug;3;2011;2011-08
20110818;2011-08-18;Thursday;34;8;August;Aug;3;2011;2011-08
20110817;2011-08-17;Wednesday;34;8;August;Aug;3;2011;2011-08
20110816;2011-08-16;Tuesday;34;8;August;Aug;3;2011;2011-08
20110815;2011-08-15;Monday;34;8;August;Aug;3;2011;2011-08
20110814;2011-08-14;Sunday;34;8;August;Aug;3;2011;2011-08
20110813;2011-08-13;Saturday;33;8;August;Aug;3;2011;2011-08
20110812;2011-08-12;Friday;33;8;August;Aug;3;2011;2011-08
20110811;2011-08-11;Thursday;33;8;August;Aug;3;2011;2011-08
20110810;2011-08-10;Wednesday;33;8;August;Aug;3;2011;2011-08
20110809;2011-08-09;Tuesday;33;8;August;Aug;3;2011;2011-08
20110808;2011-08-08;Monday;33;8;August;Aug;3;2011;2011-08
20110807;2011-08-07;Sunday;33;8;August;Aug;3;2011;2011-08
20110806;2011-08-06;Saturday;32;8;August;Aug;3;2011;2011-08
20110805;2011-08-05;Friday;32;8;August;Aug;3;2011;2011-08
20110804;2011-08-04;Thursday;32;8;August;Aug;3;2011;2011-08
20110803;2011-08-03;Wednesday;32;8;August;Aug;3;2011;2011-08
20110802;2011-08-02;Tuesday;32;8;August;Aug;3;2011;2011-08
20110801;2011-08-01;Monday;32;8;August;Aug;3;2011;2011-08
20110731;2011-07-31;Sunday;32;7;July;Jul;3;2011;2011-07
20110730;2011-07-30;Saturday;31;7;July;Jul;3;2011;2011-07
20110729;2011-07-29;Friday;31;7;July;Jul;3;2011;2011-07
20110728;2011-07-28;Thursday;31;7;July;Jul;3;2011;2011-07
20110727;2011-07-27;Wednesday;31;7;July;Jul;3;2011;2011-07
20110726;2011-07-26;Tuesday;31;7;July;Jul;3;2011;2011-07
20110725;2011-07-25;Monday;31;7;July;Jul;3;2011;2011-07
20110724;2011-07-24;Sunday;31;7;July;Jul;3;2011;2011-07
20110723;2011-07-23;Saturday;30;7;July;Jul;3;2011;2011-07
20110722;2011-07-22;Friday;30;7;July;Jul;3;2011;2011-07
20110721;2011-07-21;Thursday;30;7;July;Jul;3;2011;2011-07
20110720;2011-07-20;Wednesday;30;7;July;Jul;3;2011;2011-07
20110719;2011-07-19;Tuesday;30;7;July;Jul;3;2011;2011-07
20110718;2011-07-18;Monday;30;7;July;Jul;3;2011;2011-07
20110717;2011-07-17;Sunday;30;7;July;Jul;3;2011;2011-07
20110716;2011-07-16;Saturday;29;7;July;Jul;3;2011;2011-07
20110715;2011-07-15;Friday;29;7;July;Jul;3;2011;2011-07
20110714;2011-07-14;Thursday;29;7;July;Jul;3;2011;2011-07
20110713;2011-07-13;Wednesday;29;7;July;Jul;3;2011;2011-07
20110712;2011-07-12;Tuesday;29;7;July;Jul;3;2011;2011-07
20110711;2011-07-11;Monday;29;7;July;Jul;3;2011;2011-07
20110710;2011-07-10;Sunday;29;7;July;Jul;3;2011;2011-07
20110709;2011-07-09;Saturday;28;7;July;Jul;3;2011;2011-07
20110708;2011-07-08;Friday;28;7;July;Jul;3;2011;2011-07
20110707;2011-07-07;Thursday;28;7;July;Jul;3;2011;2011-07
20110706;2011-07-06;Wednesday;28;7;July;Jul;3;2011;2011-07
20110705;2011-07-05;Tuesday;28;7;July;Jul;3;2011;2011-07
20110704;2011-07-04;Monday;28;7;July;Jul;3;2011;2011-07
20110703;2011-07-03;Sunday;28;7;July;Jul;3;2011;2011-07
20110702;2011-07-02;Saturday;27;7;July;Jul;3;2011;2011-07
20110701;2011-07-01;Friday;27;7;July;Jul;3;2011;2011-07
20110630;2011-06-30;Thursday;27;6;June;Jun;2;2011;2011-06
20110629;2011-06-29;Wednesday;27;6;June;Jun;2;2011;2011-06
20110628;2011-06-28;Tuesday;27;6;June;Jun;2;2011;2011-06
20110627;2011-06-27;Monday;27;6;June;Jun;2;2011;2011-06
20110626;2011-06-26;Sunday;27;6;June;Jun;2;2011;2011-06
20110625;2011-06-25;Saturday;26;6;June;Jun;2;2011;2011-06
20110624;2011-06-24;Friday;26;6;June;Jun;2;2011;2011-06
20110623;2011-06-23;Thursday;26;6;June;Jun;2;2011;2011-06
20110622;2011-06-22;Wednesday;26;6;June;Jun;2;2011;2011-06
20110621;2011-06-21;Tuesday;26;6;June;Jun;2;2011;2011-06
20110620;2011-06-20;Monday;26;6;June;Jun;2;2011;2011-06
20110619;2011-06-19;Sunday;26;6;June;Jun;2;2011;2011-06
20110618;2011-06-18;Saturday;25;6;June;Jun;2;2011;2011-06
20110617;2011-06-17;Friday;25;6;June;Jun;2;2011;2011-06
20110616;2011-06-16;Thursday;25;6;June;Jun;2;2011;2011-06
20110615;2011-06-15;Wednesday;25;6;June;Jun;2;2011;2011-06
20110614;2011-06-14;Tuesday;25;6;June;Jun;2;2011;2011-06
20110613;2011-06-13;Monday;25;6;June;Jun;2;2011;2011-06
20110612;2011-06-12;Sunday;25;6;June;Jun;2;2011;2011-06
20110611;2011-06-11;Saturday;24;6;June;Jun;2;2011;2011-06
20110610;2011-06-10;Friday;24;6;June;Jun;2;2011;2011-06
20110609;2011-06-09;Thursday;24;6;June;Jun;2;2011;2011-06
20110608;2011-06-08;Wednesday;24;6;June;Jun;2;2011;2011-06
20110607;2011-06-07;Tuesday;24;6;June;Jun;2;2011;2011-06
20110606;2011-06-06;Monday;24;6;June;Jun;2;2011;2011-06
20110605;2011-06-05;Sunday;24;6;June;Jun;2;2011;2011-06
20110604;2011-06-04;Saturday;23;6;June;Jun;2;2011;2011-06
20110603;2011-06-03;Friday;23;6;June;Jun;2;2011;2011-06
20110602;2011-06-02;Thursday;23;6;June;Jun;2;2011;2011-06
20110601;2011-06-01;Wednesday;23;6;June;Jun;2;2011;2011-06
20110531;2011-05-31;Tuesday;23;5;May;May;2;2011;2011-05
20110530;2011-05-30;Monday;23;5;May;May;2;2011;2011-05
20110529;2011-05-29;Sunday;23;5;May;May;2;2011;2011-05
20110528;2011-05-28;Saturday;22;5;May;May;2;2011;2011-05
20110527;2011-05-27;Friday;22;5;May;May;2;2011;2011-05
20110526;2011-05-26;Thursday;22;5;May;May;2;2011;2011-05
20110525;2011-05-25;Wednesday;22;5;May;May;2;2011;2011-05
20110524;2011-05-24;Tuesday;22;5;May;May;2;2011;2011-05
20110523;2011-05-23;Monday;22;5;May;May;2;2011;2011-05
20110522;2011-05-22;Sunday;22;5;May;May;2;2011;2011-05
20110521;2011-05-21;Saturday;21;5;May;May;2;2011;2011-05
20110520;2011-05-20;Friday;21;5;May;May;2;2011;2011-05
20110519;2011-05-19;Thursday;21;5;May;May;2;2011;2011-05
20110518;2011-05-18;Wednesday;21;5;May;May;2;2011;2011-05
20110517;2011-05-17;Tuesday;21;5;May;May;2;2011;2011-05
20110516;2011-05-16;Monday;21;5;May;May;2;2011;2011-05
20110515;2011-05-15;Sunday;21;5;May;May;2;2011;2011-05
20110514;2011-05-14;Saturday;20;5;May;May;2;2011;2011-05
20110513;2011-05-13;Friday;20;5;May;May;2;2011;2011-05
20110512;2011-05-12;Thursday;20;5;May;May;2;2011;2011-05
20110511;2011-05-11;Wednesday;20;5;May;May;2;2011;2011-05
20110510;2011-05-10;Tuesday;20;5;May;May;2;2011;2011-05
20110509;2011-05-09;Monday;20;5;May;May;2;2011;2011-05
20110508;2011-05-08;Sunday;20;5;May;May;2;2011;2011-05
20110507;2011-05-07;Saturday;19;5;May;May;2;2011;2011-05
20110506;2011-05-06;Friday;19;5;May;May;2;2011;2011-05
20110505;2011-05-05;Thursday;19;5;May;May;2;2011;2011-05
20110504;2011-05-04;Wednesday;19;5;May;May;2;2011;2011-05
20110503;2011-05-03;Tuesday;19;5;May;May;2;2011;2011-05
20110502;2011-05-02;Monday;19;5;May;May;2;2011;2011-05
20110501;2011-05-01;Sunday;19;5;May;May;2;2011;2011-05
20110430;2011-04-30;Saturday;18;4;April;Apr;2;2011;2011-04
20110429;2011-04-29;Friday;18;4;April;Apr;2;2011;2011-04
20110428;2011-04-28;Thursday;18;4;April;Apr;2;2011;2011-04
20110427;2011-04-27;Wednesday;18;4;April;Apr;2;2011;2011-04
20110426;2011-04-26;Tuesday;18;4;April;Apr;2;2011;2011-04
20110425;2011-04-25;Monday;18;4;April;Apr;2;2011;2011-04
20110424;2011-04-24;Sunday;18;4;April;Apr;2;2011;2011-04
20110423;2011-04-23;Saturday;17;4;April;Apr;2;2011;2011-04
20110422;2011-04-22;Friday;17;4;April;Apr;2;2011;2011-04
20110421;2011-04-21;Thursday;17;4;April;Apr;2;2011;2011-04
20110420;2011-04-20;Wednesday;17;4;April;Apr;2;2011;2011-04
20110419;2011-04-19;Tuesday;17;4;April;Apr;2;2011;2011-04
20110418;2011-04-18;Monday;17;4;April;Apr;2;2011;2011-04
20110417;2011-04-17;Sunday;17;4;April;Apr;2;2011;2011-04
20110416;2011-04-16;Saturday;16;4;April;Apr;2;2011;2011-04
20110415;2011-04-15;Friday;16;4;April;Apr;2;2011;2011-04
20110414;2011-04-14;Thursday;16;4;April;Apr;2;2011;2011-04
20110413;2011-04-13;Wednesday;16;4;April;Apr;2;2011;2011-04
20110412;2011-04-12;Tuesday;16;4;April;Apr;2;2011;2011-04
20110411;2011-04-11;Monday;16;4;April;Apr;2;2011;2011-04
20110410;2011-04-10;Sunday;16;4;April;Apr;2;2011;2011-04
20110409;2011-04-09;Saturday;15;4;April;Apr;2;2011;2011-04
20110408;2011-04-08;Friday;15;4;April;Apr;2;2011;2011-04
20110407;2011-04-07;Thursday;15;4;April;Apr;2;2011;2011-04
20110406;2011-04-06;Wednesday;15;4;April;Apr;2;2011;2011-04
20110405;2011-04-05;Tuesday;15;4;April;Apr;2;2011;2011-04
20110404;2011-04-04;Monday;15;4;April;Apr;2;2011;2011-04
20110403;2011-04-03;Sunday;15;4;April;Apr;2;2011;2011-04
20110402;2011-04-02;Saturday;14;4;April;Apr;2;2011;2011-04
20110401;2011-04-01;Friday;14;4;April;Apr;2;2011;2011-04
20110331;2011-03-31;Thursday;14;3;March;Mar;1;2011;2011-03
20110330;2011-03-30;Wednesday;14;3;March;Mar;1;2011;2011-03
20110329;2011-03-29;Tuesday;14;3;March;Mar;1;2011;2011-03
20110328;2011-03-28;Monday;14;3;March;Mar;1;2011;2011-03
20110327;2011-03-27;Sunday;14;3;March;Mar;1;2011;2011-03
20110326;2011-03-26;Saturday;13;3;March;Mar;1;2011;2011-03
20110325;2011-03-25;Friday;13;3;March;Mar;1;2011;2011-03
20110324;2011-03-24;Thursday;13;3;March;Mar;1;2011;2011-03
20110323;2011-03-23;Wednesday;13;3;March;Mar;1;2011;2011-03
20110322;2011-03-22;Tuesday;13;3;March;Mar;1;2011;2011-03
20110321;2011-03-21;Monday;13;3;March;Mar;1;2011;2011-03
20110320;2011-03-20;Sunday;13;3;March;Mar;1;2011;2011-03
20110319;2011-03-19;Saturday;12;3;March;Mar;1;2011;2011-03
20110318;2011-03-18;Friday;12;3;March;Mar;1;2011;2011-03
20110317;2011-03-17;Thursday;12;3;March;Mar;1;2011;2011-03
20110316;2011-03-16;Wednesday;12;3;March;Mar;1;2011;2011-03
20110315;2011-03-15;Tuesday;12;3;March;Mar;1;2011;2011-03
20110314;2011-03-14;Monday;12;3;March;Mar;1;2011;2011-03
20110313;2011-03-13;Sunday;12;3;March;Mar;1;2011;2011-03
20110312;2011-03-12;Saturday;11;3;March;Mar;1;2011;2011-03
20110311;2011-03-11;Friday;11;3;March;Mar;1;2011;2011-03
20110310;2011-03-10;Thursday;11;3;March;Mar;1;2011;2011-03
20110309;2011-03-09;Wednesday;11;3;March;Mar;1;2011;2011-03
20110308;2011-03-08;Tuesday;11;3;March;Mar;1;2011;2011-03
20110307;2011-03-07;Monday;11;3;March;Mar;1;2011;2011-03
20110306;2011-03-06;Sunday;11;3;March;Mar;1;2011;2011-03
20110305;2011-03-05;Saturday;10;3;March;Mar;1;2011;2011-03
20110304;2011-03-04;Friday;10;3;March;Mar;1;2011;2011-03
20110303;2011-03-03;Thursday;10;3;March;Mar;1;2011;2011-03
20110302;2011-03-02;Wednesday;10;3;March;Mar;1;2011;2011-03
20110301;2011-03-01;Tuesday;10;3;March;Mar;1;2011;2011-03
20110228;2011-02-28;Monday;10;2;February;Feb;1;2011;2011-02
20110227;2011-02-27;Sunday;10;2;February;Feb;1;2011;2011-02
20110226;2011-02-26;Saturday;9;2;February;Feb;1;2011;2011-02
20110225;2011-02-25;Friday;9;2;February;Feb;1;2011;2011-02
20110224;2011-02-24;Thursday;9;2;February;Feb;1;2011;2011-02
20110223;2011-02-23;Wednesday;9;2;February;Feb;1;2011;2011-02
20110222;2011-02-22;Tuesday;9;2;February;Feb;1;2011;2011-02
20110221;2011-02-21;Monday;9;2;February;Feb;1;2011;2011-02
20110220;2011-02-20;Sunday;9;2;February;Feb;1;2011;2011-02
20110219;2011-02-19;Saturday;8;2;February;Feb;1;2011;2011-02
20110218;2011-02-18;Friday;8;2;February;Feb;1;2011;2011-02
20110217;2011-02-17;Thursday;8;2;February;Feb;1;2011;2011-02
20110216;2011-02-16;Wednesday;8;2;February;Feb;1;2011;2011-02
20110215;2011-02-15;Tuesday;8;2;February;Feb;1;2011;2011-02
20110214;2011-02-14;Monday;8;2;February;Feb;1;2011;2011-02
20110213;2011-02-13;Sunday;8;2;February;Feb;1;2011;2011-02
20110212;2011-02-12;Saturday;7;2;February;Feb;1;2011;2011-02
20110211;2011-02-11;Friday;7;2;February;Feb;1;2011;2011-02
20110210;2011-02-10;Thursday;7;2;February;Feb;1;2011;2011-02
20110209;2011-02-09;Wednesday;7;2;February;Feb;1;2011;2011-02
20110208;2011-02-08;Tuesday;7;2;February;Feb;1;2011;2011-02
20110207;2011-02-07;Monday;7;2;February;Feb;1;2011;2011-02
20110206;2011-02-06;Sunday;7;2;February;Feb;1;2011;2011-02
20110205;2011-02-05;Saturday;6;2;February;Feb;1;2011;2011-02
20110204;2011-02-04;Friday;6;2;February;Feb;1;2011;2011-02
20110203;2011-02-03;Thursday;6;2;February;Feb;1;2011;2011-02
20110202;2011-02-02;Wednesday;6;2;February;Feb;1;2011;2011-02
20110201;2011-02-01;Tuesday;6;2;February;Feb;1;2011;2011-02
20110131;2011-01-31;Monday;6;1;January;Jan;1;2011;2011-01
20110130;2011-01-30;Sunday;6;1;January;Jan;1;2011;2011-01
20110129;2011-01-29;Saturday;5;1;January;Jan;1;2011;2011-01
20110128;2011-01-28;Friday;5;1;January;Jan;1;2011;2011-01
20110127;2011-01-27;Thursday;5;1;January;Jan;1;2011;2011-01
20110126;2011-01-26;Wednesday;5;1;January;Jan;1;2011;2011-01
20110125;2011-01-25;Tuesday;5;1;January;Jan;1;2011;2011-01
20110124;2011-01-24;Monday;5;1;January;Jan;1;2011;2011-01
20110123;2011-01-23;Sunday;5;1;January;Jan;1;2011;2011-01
20110122;2011-01-22;Saturday;4;1;January;Jan;1;2011;2011-01
20110121;2011-01-21;Friday;4;1;January;Jan;1;2011;2011-01
20110120;2011-01-20;Thursday;4;1;January;Jan;1;2011;2011-01
20110119;2011-01-19;Wednesday;4;1;January;Jan;1;2011;2011-01
20110118;2011-01-18;Tuesday;4;1;January;Jan;1;2011;2011-01
20110117;2011-01-17;Monday;4;1;January;Jan;1;2011;2011-01
20110116;2011-01-16;Sunday;4;1;January;Jan;1;2011;2011-01
20110115;2011-01-15;Saturday;3;1;January;Jan;1;2011;2011-01
20110114;2011-01-14;Friday;3;1;January;Jan;1;2011;2011-01
20110113;2011-01-13;Thursday;3;1;January;Jan;1;2011;2011-01
20110112;2011-01-12;Wednesday;3;1;January;Jan;1;2011;2011-01
20110111;2011-01-11;Tuesday;3;1;January;Jan;1;2011;2011-01
20110110;2011-01-10;Monday;3;1;January;Jan;1;2011;2011-01
20110109;2011-01-09;Sunday;3;1;January;Jan;1;2011;2011-01
20110108;2011-01-08;Saturday;2;1;January;Jan;1;2011;2011-01
20110107;2011-01-07;Friday;2;1;January;Jan;1;2011;2011-01
20110106;2011-01-06;Thursday;2;1;January;Jan;1;2011;2011-01
20110105;2011-01-05;Wednesday;2;1;January;Jan;1;2011;2011-01
20110104;2011-01-04;Tuesday;2;1;January;Jan;1;2011;2011-01
20110103;2011-01-03;Monday;2;1;January;Jan;1;2011;2011-01
20110102;2011-01-02;Sunday;2;1;January;Jan;1;2011;2011-01
20110101;2011-01-01;Saturday;1;1;January;Jan;1;2011;2011-01
